{
  "generated_at_utc": "2026-05-16T23:59:16.382159+00:00",
  "weighted_metric_policy": "N/A - Gemini validator disabled today",
  "stability_runs": [
    {
      "run_id": "20260516T223352Z_pure_full",
      "run_dir": "outputs/pure_full_runs/20260516T223352Z_pure_full",
      "seed": 1,
      "dialogue_recall": 0.8823529411764706,
      "semantic_precision": 0.4857142857142857,
      "semantic_recall": 0.4166666666666667,
      "semantic_f1": 0.44854881266490765,
      "pipeline_only": true,
      "anchor_preservation_enabled": true
    },
    {
      "run_id": "20260516T224146Z_pure_full",
      "run_dir": "outputs/pure_full_runs/20260516T224146Z_pure_full",
      "seed": 2,
      "dialogue_recall": 0.8823529411764706,
      "semantic_precision": 0.4857142857142857,
      "semantic_recall": 0.4166666666666667,
      "semantic_f1": 0.44854881266490765,
      "pipeline_only": true,
      "anchor_preservation_enabled": true
    },
    {
      "run_id": "20260516T224947Z_pure_full",
      "run_dir": "outputs/pure_full_runs/20260516T224947Z_pure_full",
      "seed": 3,
      "dialogue_recall": 0.8823529411764706,
      "semantic_precision": 0.4857142857142857,
      "semantic_recall": 0.4166666666666667,
      "semantic_f1": 0.44854881266490765,
      "pipeline_only": true,
      "anchor_preservation_enabled": true
    }
  ],
  "stability_aggregate": {
    "n": 3,
    "dialogue_recall": {
      "mean": 0.8823529411764706,
      "std": 0.0
    },
    "semantic_precision": {
      "mean": 0.4857142857142857,
      "std": 0.0
    },
    "semantic_recall": {
      "mean": 0.4166666666666667,
      "std": 0.0
    },
    "semantic_f1": {
      "mean": 0.4485488126649077,
      "std": 6.798699777552591e-17
    },
    "weighted_f1": "N/A - Gemini validator disabled today"
  },
  "ablation_run": {
    "run_id": "20260516T225754Z_pure_full",
    "run_dir": "outputs/pure_full_runs/20260516T225754Z_pure_full",
    "seed": 1,
    "dialogue_recall": 0.8823529411764706,
    "semantic_precision": 0.4857142857142857,
    "semantic_recall": 0.4166666666666667,
    "semantic_f1": 0.44854881266490765,
    "pipeline_only": true,
    "anchor_preservation_enabled": false
  },
  "ablation_comparison": {
    "baseline_run_id": "20260516T223352Z_pure_full",
    "ablation_run_id": "20260516T225754Z_pure_full",
    "semantic_precision_delta": 0.0,
    "semantic_recall_delta": 0.0,
    "semantic_f1_delta": 0.0,
    "dialogue_recall_delta": 0.0
  },
  "reference_run": {
    "run_id": "20260429T002305Z_pure_full",
    "run_dir": "outputs/pure_full_runs/20260429T002305Z_pure_full",
    "seed": null,
    "dialogue_recall": 0.8823529411764706,
    "semantic_precision": 0.49673202614379086,
    "semantic_recall": 0.37254901960784315,
    "semantic_f1": 0.42577030812324934,
    "pipeline_only": false,
    "anchor_preservation_enabled": true
  }
}
